title,type,price,rating
Ghế massage KingSport Luxury B5,premium,235.000.000đ,34 đánh giá
Ghế massage KingSport Luxury B1,premium,79.000.000đ,28 đánh giá
Ghế Massage Kingsport Luxury G31 New,premium,105.000.000đ,26 đánh giá
Ghế massage KingSport G99,premium,99.000.000đ,91 đánh giá
Ghế Massage Kingsport Luxury G4 New,premium,85.000.000đ,79 đánh giá
Ghế Massage KingSport B2,premium,55.000.000đ,23 đánh giá
Ghế massage KingSport G50,premium,50.000.000đ,91 đánh giá
Ghế massage Kingsport G60 - Green,premium,46.000.000đ,20 đánh giá
Ghế massage Kingsport Luxury G60 ,premium,48.000.000đ,16 đánh giá
Ghế Massage Kingsport G20 New - Black Color,premium,75.000.000đ,58 đánh giá
Ghế massage Kingsport G28,premium,85.000.000đ,75 đánh giá
Ghế Massage Kingsport G22,premium,78.000.000đ,69 đánh giá
Ghế massage Kingsport G35,premium,82.000.000đ,66 đánh giá
Ghế massage Kingsport G37,premium,80.000.000đ,69 đánh giá
Ghế massage KingSport G38,premium,88.000.000đ,69 đánh giá
Ghế Massage Kingsport G4,premium,80.000.000đ,62 đánh giá
Ghế Massage Kingsport G31,premium,90.000.000đ,70 đánh giá
Ghế massage Kingsport G60-Yellow,premium,46.000.000đ,75 đánh giá
Ghế Massage Kingsport G20 New,premium,75.000.000đ,57 đánh giá
Ghế Massage Kingsport G20,premium,73.000.000đ,48 đánh giá
Ghế massage KingSport G77,common,12.900.000đ,19 đánh giá
Ghế Massage KingSport G78,common,11.900.000đ,18 đánh giá
Ghế massage KingSport G79,common,20.900.000đ,3 đánh giá
Máy massage đầu KingSport HDM88,common,3.200.000đ,1 đánh giá
Ghế massage Kingsport G74,common,14.900.000đ,80 đánh giá
Ghế massage Kingsport G75,common,19.900.000đ,28 đánh giá
Ghế massage KingSport G80,common,21.900.000đ,1 đánh giá
Ghế massage KingSport G66 - 3D bi cố định,common,16.900.000đ,1 đánh giá
Ghế massage Kingsport G76,common,25.900.000đ,18 đánh giá
Ghế massage KingSport G41 New,common,25.900.000đ,45 đánh giá
Ghế massage Kingsport G61,common,25.900.000đ,17 đánh giá
Ghế massage Kingsport G59,common,31.000.000đ,3 đánh giá
Ghế massage Kingsport G59 New,common,25.900.000đ,17 đánh giá
Ghế massage Kingsport G54,common,25.900.000đ,63 đánh giá
Ghế massage Kingsport G54 New Color 2021,common,25.900.000đ,15 đánh giá
Ghế massage KingSport G72 - Bottle Green,common,29.900.000đ,53 đánh giá
Ghế massage KingSport G72 - Brown Soil,common,29.900.000đ,34 đánh giá
Ghế massage Kingsport G66,common,24.200.000đ,72 đánh giá
Ghế Massage Kingsport G70 - Royal Blue,common,30.500.000đ,3 đánh giá
Ghế massage Kingsport G25,common,43.000.000đ,80 đánh giá
Ghế Massage Kingsport A1,common,38.000.000đ,4 đánh giá
Ghế Massage KingSport G70 - Graphit,common,30.500.000đ,17 đánh giá
Ghế massage Kingsport G62,common,59.000.000đ,57 đánh giá
Ghế massage Kingsport G68,common,25.500.000đ,54 đánh giá
Ghế massage Kingsport G32 New Color,common,33.000.000đ,28 đánh giá
Ghế massage Kingsport G46 New,common,44.500.000đ,0 đánh giá
Ghế massage Kingsport G42,common,39.000.000đ,66 đánh giá
Ghế massage Kingsport G45,common,42.900.000đ,62 đánh giá
Ghế massage Kingsport G46,common,32.000.000đ,51 đánh giá
Ghế massage Kingsport G56,common,48.000.000đ,57 đánh giá
Ghế massage Kingsport G58 New Color,common,57.000.000đ,4 đánh giá
Ghế massage Kingsport G64,common,59.000.000đ,55 đánh giá
Ghế massage Kingsport G58,common,57.000.000đ,57 đánh giá
Ghế massage Kingsport G41,common,27.900.000đ,35 đánh giá
Ghế Massage Kingsport G40,common,30.000.000đ,57 đánh giá
Ghế massage Kingsport G32,common,26.000.000đ,38 đánh giá
Ghế Massage Kingsport G17,common,29.000.000đ,6 đánh giá
