title,current_price,old_price
Ghế Massage ELIP Mozart - Beige,68.000.000đ,88.000.000đ
Ghế Massage ELIP Plutoni - Gold,44.000.000đ,57.500.000đ
"Ghế Massage ELIP Galile (AI, ion âm)",17.900.000đ,30.500.000đ
Ghế Massage ELIP Hoper (Black),45.000.000đ,62.900.000đ
Ghế Massage ELIP Lion Pro (AI),81.000.000đ,
Ghế Massage ELIP Alexander Pro (AI),86.000.000đ,
Ghế Massage ELIP Plutoni Pro (AI),48.000.000đ,
"Ghế Massage ELIP Athena Pro (AI, ion âm)",60.000.000đ,
"Ghế Massage ELIP Oscar (AI, ion âm)",29.900.000đ,55.000.000đ
Ghế Massage ELIP Jupiter - Black-Brown,23.900.000đ,32.900.000đ
"Ghế Massage ELIP Watson Pro (AI, ion âm)",19.900.000đ,37.000.000đ
"Ghế Massage ELIP Rhodi (AI, ion âm)",31.000.000đ,45.000.000đ
Ghế Massage ELIP Watson - Brown,11.900.000đ,21.000.000đ
"Ghế Massage Elip Einstein (AI, ion âm)",179.000.000đ,
"Ghế Massage Elip Prime (AI, ion âm)",98.000.000đ,
Ghế Massage ELIP Louis - Black,78.000.000đ,95.900.000đ
"Ghế Massage Elip Rubic (AI, ion âm)",99.000.000đ,
Ghế Massage ELIP Alexander - Black,99.000.000đ,179.000.000đ
"Ghế Massage ELIP Platin (AI, ion âm)",29.900.000đ,48.000.000đ
Ghế Massage ELIP Plutonium,80.000.000đ,98.000.000đ
"Ghế Massage ELIP Platinum (AI, ion âm)",48.000.000đ,85.500.000đ
"Ghế Massage ELIP Napoleon (AI, ion âm)",36.500.000đ,55.000.000đ
Ghế Massage ELIP Alexander,77.000.000đ,125.000.000đ
Ghế Massage ELIP Plutoni,44.000.000đ,63.000.000đ
Ghế Massage ELIP Victor,21.900.000đ,34.900.000đ
"Ghế Massage ELIP Edison (AI, ion âm)",11.900.000đ,21.900.000đ
"Ghế Massage ELIP Faraday (AI, ion âm)",18.900.000đ,25.900.000đ
"Ghế Massage ELIP Louis (AI, ion âm)",55.000.000đ,65.000.000đ
"Ghế Massage ELIP Tesla (AI, ion âm)",28.900.000đ,40.900.000đ
Ghế Massage ELIP Nobel,35.000.000đ,45.000.000đ
Ghế Massage ELIP Vinci,38.900.000đ,58.900.000đ
Ghế Massage ELIP Mozart,45.000.000đ,56.000.000đ
Ghế Massage ELIP Royal,32.900.000đ,45.000.000đ
Ghế Massage ELIP Hoper,60.000.000đ,89.200.000đ
Ghế Massage ELIP Lion,68.000.000đ,125.000.000đ
Ghế Massage ELIP Elysium,88.000.000đ,135.500.000đ
Ghế Massage ELIP Tesla - Brown,29.900.000đ,36.500.000đ
Ghế Massage ELIP Watson (Luxury - Black),11.900.000đ,22.000.000đ
Ghế Massage ELIP Luxy (AI),34.500.000đ,52.900.000đ
Ghế Massage ELIP Mercury,13.900.000đ,19.900.000đ
Ghế Massage ELIP Ares,31.900.000đ,55.000.000đ
"Ghế Massage ELIP Whitney (AI, ion âm)",16.900.000đ,27.900.000đ
"Ghế Massage ELIP Jupiter (AI, ion âm)",22.900.000đ,31.900.000đ
Ghế Massage ELIP Watson Pro,12.900.000đ,22.500.000đ
Ghế Massage ELIP Urani (AI),26.900.000đ,35.000.000đ
Ghế Massage ELIP Ares (AI),33.000.000đ,57.000.000đ
"Ghế Massage ELIP Galaxy (AI, ion âm)",13.900.000đ,25.900.000đ
Ghế Massage ELIP Nobel (AI),35.500.000đ,47.000.000đ
Ghế Massage ELIP Royal (AI),35.500.000đ,47.000.000đ
Ghế Massage ELIP Vinci (AI),40.000.000đ,60.900.000đ
Ghế Massage ELIP Plutoni (AI),45.000.000đ,65.000.000đ
Ghế Massage ELIP Plutonium (AI),81.000.000đ,
Ghế Massage ELIP Alexander (AI),78.000.000đ,147.000.000đ
"Ghế Massage ELIP Athena (AI, ion âm)",50.000.000đ,79.000.000đ
