title,current_price,old_price,rating
Ghế Massage LifeSport LS-500,46.000.000đ,105.000.000đ,12 đánh giá
Ghế Massage LifeSport LS-450,28.900.000đ,48.000.000đ,5 đánh giá
Ghế massage Lifesport LS-168,19.900.000đ,27.000.000đ,1 đánh giá
Ghế Massage Lifesport LS-350 Plus,52.000.000đ,95.000.000đ,4 đánh giá
Ghế massage Lifesport LS-2800 Plus,45.000.000đ,86.000.000đ,1 đánh giá
Ghế Massage LifeSport LS-2200,38.000.000đ,,15 đánh giá
Ghế Massage LifeSport LS-299,35.500.000đ,71.000.000đ,19 đánh giá
Ghế Massage LifeSport LS-268,18.900.000đ,35.000.000đ,2 đánh giá
Ghế massage Lifesport LS-368,52.000.000đ,95.000.000đ,7 đánh giá
Ghế massage Life Sport LS-269,17.500.000đ,26.000.000đ,
Ghế massage Life Sport LS-299 plus,31.900.000đ,39.500.000đ,
Ghế Massage LifeSport LS-999,155.000.000đ,289.000.000đ,15 đánh giá
Ghế Massage LifeSport LS-399,68.000.000đ,97.000.000đ,9 đánh giá
Ghế Massage LifeSport LS-7700,89.000.000đ,130.000.000đ,15 đánh giá
Ghế massage Lifesport LS 8800,65.000.000đ,115.000.000đ,17 đánh giá
Ghế massage 5D LifeSport LS 8000 Platinum,63.500.000đ,180.000.000đ,9 đánh giá
Ghế Massage LifeSport LS-899,89.000.000đ,145.000.000đ,13 đánh giá
Ghế Massage Lifesport LS-900,55.000.000đ,85.000.000đ,5 đánh giá
Ghế Massage LifeSport LS-789,66.000.000đ,110.000.000đ,2 đánh giá
Ghế massage Lifesport LS-799,99.000.000đ,120.000.000đ,19 đánh giá
Ghế Massage LifeSport LS-750/379,109.000.000đ,135.000.000đ,
Ghế Massage Lifesport LS-9900,79.000.000đ,130.000.000đ,13 đánh giá
Ghế massage Lifesport LS-899 Tablet,136.000.000đ,155.000.000đ,3 đánh giá
Ghế massage Lifesport LS-699,72.900.000đ,115.000.000đ,4 đánh giá
Ghế massage Life Sport LS-599,58.000.000đ,110.000.000đ,
